{
  "config": {
    "run_name": "exp1_1",
    "out_dir": "./results",
    "seed": 42,
    "device": null,
    "bs_train": 50,
    "bs_test": 12,
    "batches": 10,
    "epochs": 10,
    "early_stopping": 5,
    "checkpoints": null,
    "lr": 0.001,
    "reg": 0.001,
    "filters_per_layer": [
      32
    ],
    "pool_every": 1,
    "hidden_dims": [
      100
    ],
    "model_type": "cnn",
    "pooling_params": {
      "kernel_size": 2,
      "stride": 2
    },
    "conv_params": {
      "kernel_size": 3,
      "stride": 1,
      "padding": 1
    },
    "dropout": 0.15,
    "batchnorm": true,
    "kw": {},
    "layers_per_block": 2
  },
  "results": {
    "num_epochs": 0,
    "train_loss": [
      1.5223250212669373,
      1.1840177239775658,
      1.046427536904812,
      0.9619637177586555,
      0.8887886840105057,
      0.8317331838011741,
      0.7864224326014518,
      0.7415664569437503,
      0.7050981516242028,
      0.668990637332201
    ],
    "train_acc": [
      44.808,
      57.8,
      62.972,
      66.264,
      68.838,
      71.098,
      72.368,
      73.78,
      74.96,
      76.286
    ],
    "test_loss": [
      1.2600334110877496,
      1.1058135148432615,
      1.017553716111812,
      0.9623877151335458,
      0.9527389930127907,
      0.9305817976558237,
      0.9077599903197883,
      0.8956428739449961,
      0.9316669748448354,
      0.9053920985911962
    ],
    "test_acc": [
      55.22,
      60.81,
      64.32,
      65.98,
      66.74,
      67.81,
      68.51,
      69.02,
      68.9,
      69.3
    ]
  }
}