{
  "config": {
    "run_name": "exp1_2",
    "out_dir": "./results",
    "seed": 42,
    "device": null,
    "bs_train": 50,
    "bs_test": 12,
    "batches": 10,
    "epochs": 10,
    "early_stopping": 5,
    "checkpoints": null,
    "lr": 0.001,
    "reg": 0.001,
    "filters_per_layer": [
      64
    ],
    "pool_every": 1,
    "hidden_dims": [
      100
    ],
    "model_type": "cnn",
    "pooling_params": {
      "kernel_size": 2,
      "stride": 2
    },
    "conv_params": {
      "kernel_size": 3,
      "stride": 1,
      "padding": 1
    },
    "dropout": 0.15,
    "batchnorm": true,
    "kw": {},
    "layers_per_block": 4
  },
  "results": {
    "num_epochs": 0,
    "train_loss": [
      1.6015648888349534,
      1.167453003525734,
      0.9613739776313305,
      0.8396778852343559,
      0.7550403180718422,
      0.687668946236372,
      0.636492971777916,
      0.5901526642739773,
      0.5472238022536039,
      0.5089282384961844
    ],
    "train_acc": [
      40.354,
      57.71,
      65.784,
      70.152,
      73.22,
      75.564,
      77.746,
      79.214,
      80.71,
      81.936
    ],
    "test_loss": [
      1.3113032892453584,
      1.0269922959825974,
      0.8926406139128213,
      0.8698713439617226,
      0.8430289973100599,
      0.8014802560746241,
      0.8081590026724252,
      0.7731011211872101,
      0.7699610994016524,
      0.7858092531302778
    ],
    "test_acc": [
      51.63,
      63.62,
      68.42,
      69.22,
      70.31,
      72.2,
      72.42,
      73.86,
      74.53,
      74.31
    ]
  }
}