{
  "config": {
    "run_name": "exp1_2",
    "out_dir": "./results",
    "seed": 42,
    "device": null,
    "bs_train": 50,
    "bs_test": 12,
    "batches": 10,
    "epochs": 10,
    "early_stopping": 5,
    "checkpoints": null,
    "lr": 0.001,
    "reg": 0.001,
    "filters_per_layer": [
      32
    ],
    "pool_every": 4,
    "hidden_dims": [
      100
    ],
    "model_type": "cnn",
    "pooling_params": {
      "kernel_size": 2,
      "stride": 2
    },
    "conv_params": {
      "kernel_size": 3,
      "stride": 1,
      "padding": 1
    },
    "dropout": 0.15,
    "batchnorm": true,
    "kw": {},
    "layers_per_block": 8
  },
  "results": {
    "num_epochs": 0,
    "train_loss": [
      1.7202689180374144,
      1.2468626561760903,
      1.016035984158516,
      0.8818089974820614,
      0.7908018978536129,
      0.725757277071476,
      0.6718847120702267,
      0.6225955830514431,
      0.577512845814228,
      0.5417458944767714
    ],
    "train_acc": [
      36.548,
      55.146,
      64.022,
      68.886,
      72.462,
      74.72,
      76.3,
      77.842,
      79.602,
      80.71
    ],
    "test_loss": [
      1.5351800077038704,
      1.1128664379425757,
      1.0531716169141752,
      0.946922390062889,
      0.8940601856481257,
      0.8934782027519292,
      0.8530179025064841,
      0.8124863341700831,
      0.8001138547824013,
      0.8511192615387394
    ],
    "test_acc": [
      47.08,
      59.9,
      63.57,
      67.13,
      69.19,
      69.61,
      71.32,
      72.44,
      72.8,
      71.75
    ]
  }
}