{
  "config": {
    "run_name": "exp1_2",
    "out_dir": "./results",
    "seed": 42,
    "device": null,
    "bs_train": 50,
    "bs_test": 12,
    "batches": 10,
    "epochs": 10,
    "early_stopping": 5,
    "checkpoints": null,
    "lr": 0.001,
    "reg": 0.001,
    "filters_per_layer": [
      64
    ],
    "pool_every": 1,
    "hidden_dims": [
      100
    ],
    "model_type": "cnn",
    "pooling_params": {
      "kernel_size": 2,
      "stride": 2
    },
    "conv_params": {
      "kernel_size": 3,
      "stride": 1,
      "padding": 1
    },
    "dropout": 0.15,
    "batchnorm": true,
    "kw": {},
    "layers_per_block": 2
  },
  "results": {
    "num_epochs": 0,
    "train_loss": [
      1.433409854531288,
      1.07272652053833,
      0.9287802534103393,
      0.8340256260037422,
      0.7565721045136452,
      0.6926411551833153,
      0.6342814762294292,
      0.5860949182510375,
      0.5358718793839217,
      0.49238909721374513
    ],
    "train_acc": [
      48.356,
      62.252,
      67.136,
      70.582,
      73.244,
      75.626,
      77.716,
      79.238,
      81.088,
      82.552
    ],
    "test_loss": [
      1.2960419415427056,
      1.0698741453943206,
      0.9344029205380012,
      0.9283381036216978,
      0.8701684369350509,
      0.8841194653843375,
      0.9122508638661256,
      0.862098957280175,
      0.9142486323698533,
      0.9139431808992542
    ],
    "test_acc": [
      55.22,
      62.19,
      67.3,
      67.61,
      69.66,
      70.22,
      69.39,
      70.86,
      70.31,
      71.16
    ]
  }
}