{
  "config": {
    "run_name": "exp1_1",
    "out_dir": "./results",
    "seed": 42,
    "device": null,
    "bs_train": 50,
    "bs_test": 12,
    "batches": 10,
    "epochs": 10,
    "early_stopping": 5,
    "checkpoints": null,
    "lr": 0.001,
    "reg": 0.001,
    "filters_per_layer": [
      32
    ],
    "pool_every": 1,
    "hidden_dims": [
      100
    ],
    "model_type": "cnn",
    "pooling_params": {
      "kernel_size": 2,
      "stride": 2
    },
    "conv_params": {
      "kernel_size": 3,
      "stride": 1,
      "padding": 1
    },
    "dropout": 0.15,
    "batchnorm": true,
    "kw": {},
    "layers_per_block": 4
  },
  "results": {
    "num_epochs": 0,
    "train_loss": [
      1.6917296923398972,
      1.3318308010101318,
      1.178646465718746,
      1.0598622038960457,
      0.9684739470481872,
      0.9039470965862274,
      0.847824746131897,
      0.8077701508700847,
      0.7760479492843151,
      0.7441093157231807
    ],
    "train_acc": [
      36.886,
      51.536,
      57.724,
      62.172,
      65.648,
      67.67,
      69.892,
      71.374,
      72.556,
      73.492
    ],
    "test_loss": [
      1.3915184892767625,
      1.2441002086555357,
      1.138473897350492,
      1.060204430128173,
      1.004064510230252,
      0.9410544073642444,
      0.9523046781583656,
      0.8981335586566719,
      0.8929761550534401,
      0.857129255805513
    ],
    "test_acc": [
      48.42,
      55.26,
      59.82,
      62.18,
      64.55,
      66.71,
      66.8,
      68.16,
      69.29,
      70.18
    ]
  }
}