{
  "config": {
    "run_name": "exp1_3",
    "out_dir": "./results",
    "seed": 42,
    "device": null,
    "bs_train": 50,
    "bs_test": 12,
    "batches": 10,
    "epochs": 10,
    "early_stopping": 5,
    "checkpoints": null,
    "lr": 0.001,
    "reg": 0.001,
    "filters_per_layer": [
      64,
      128,
      256
    ],
    "pool_every": 3,
    "hidden_dims": [
      100
    ],
    "model_type": "cnn",
    "pooling_params": {
      "kernel_size": 2,
      "stride": 2
    },
    "conv_params": {
      "kernel_size": 3,
      "stride": 1,
      "padding": 1
    },
    "dropout": 0.15,
    "batchnorm": true,
    "kw": {},
    "layers_per_block": 2
  },
  "results": {
    "num_epochs": 0,
    "train_loss": [
      1.5777737590670586,
      1.071133304655552,
      0.8320362609922886,
      0.6778749619722366,
      0.547963876157999,
      0.44011876031756403,
      0.3415076045691967,
      0.2620997742265463,
      0.21149000233784318,
      0.1722077461183071
    ],
    "train_acc": [
      42.318,
      62.114,
      70.986,
      76.24,
      80.824,
      84.478,
      87.946,
      90.654,
      92.5,
      93.818
    ],
    "test_loss": [
      1.259930066639285,
      0.9322216911353082,
      0.8312347484328192,
      0.7842503017265734,
      0.8017109988940706,
      0.8032812807793848,
      0.9035227019518471,
      0.9901420830512236,
      1.161497655775503,
      1.3874529630229953
    ],
    "test_acc": [
      54.87,
      67.72,
      71.14,
      72.72,
      73.69,
      75.16,
      73.31,
      73.59,
      73.3,
      72.96
    ]
  }
}