{
  "config": {
    "run_name": "exp1_4",
    "out_dir": "./results",
    "seed": 42,
    "device": null,
    "bs_train": 50,
    "bs_test": 12,
    "batches": 10,
    "epochs": 10,
    "early_stopping": 5,
    "checkpoints": null,
    "lr": 0.001,
    "reg": 0.001,
    "filters_per_layer": [
      64,
      128,
      256
    ],
    "pool_every": 3,
    "hidden_dims": [
      100
    ],
    "model_type": "resnet",
    "pooling_params": {
      "kernel_size": 2,
      "stride": 2
    },
    "conv_params": {
      "kernel_size": 3,
      "stride": 1,
      "padding": 1
    },
    "dropout": 0.15,
    "batchnorm": true,
    "kw": {},
    "layers_per_block": 4
  },
  "results": {
    "num_epochs": 0,
    "train_loss": [
      1.5674380714893341,
      1.081220451951027,
      0.8418940757513046,
      0.7130041901767253,
      0.6225911042690278,
      0.5503453213572502,
      0.49361958327889444,
      0.44652554182708265,
      0.395642161719501,
      0.35560057347267865
    ],
    "train_acc": [
      42.028,
      61.596,
      70.178,
      74.942,
      78.27,
      80.87,
      82.922,
      84.434,
      86.264,
      87.4
    ],
    "test_loss": [
      1.2026730400981378,
      0.9681187831937409,
      0.7979705731431357,
      0.7658838366540216,
      0.7444613477040967,
      0.6185403107185301,
      0.5889200539745801,
      0.6177672671625386,
      0.6322751333233532,
      0.5771004451138394
    ],
    "test_acc": [
      56.89,
      65.93,
      72.34,
      74.07,
      75.6,
      78.96,
      81.07,
      80.07,
      80.37,
      82.45
    ]
  }
}