{
  "config": {
    "run_name": "exp1_2",
    "out_dir": "./results",
    "seed": 42,
    "device": null,
    "bs_train": 50,
    "bs_test": 12,
    "batches": 10,
    "epochs": 10,
    "early_stopping": 5,
    "checkpoints": null,
    "lr": 0.001,
    "reg": 0.001,
    "filters_per_layer": [
      256
    ],
    "pool_every": 4,
    "hidden_dims": [
      100
    ],
    "model_type": "cnn",
    "pooling_params": {
      "kernel_size": 2,
      "stride": 2
    },
    "conv_params": {
      "kernel_size": 3,
      "stride": 1,
      "padding": 1
    },
    "dropout": 0.15,
    "batchnorm": true,
    "kw": {},
    "layers_per_block": 8
  },
  "results": {
    "num_epochs": 0,
    "train_loss": [
      1.751839120388031,
      1.1988554506897926,
      0.9224867355823517,
      0.758213378816843,
      0.6485625468492507,
      0.5473096098005772,
      0.46603198152780534,
      0.38904770240187647,
      0.3162802724316716,
      0.2677747619152069
    ],
    "train_acc": [
      34.564,
      56.908,
      67.536,
      73.324,
      77.374,
      80.826,
      83.652,
      86.332,
      88.85,
      90.506
    ],
    "test_loss": [
      1.3941121952210684,
      1.0294505389188404,
      0.863750076640567,
      0.8234087811331812,
      0.8242854212524651,
      0.7668416389226199,
      0.8200398314815702,
      0.8555960674151528,
      0.9261870749821838,
      1.0272232677471518
    ],
    "test_acc": [
      48.84,
      63.82,
      69.47,
      70.72,
      71.28,
      73.89,
      74.01,
      74.09,
      72.84,
      74.23
    ]
  }
}