{
  "config": {
    "run_name": "exp1_1",
    "out_dir": "./results",
    "seed": 42,
    "device": null,
    "bs_train": 50,
    "bs_test": 12,
    "batches": 10,
    "epochs": 10,
    "early_stopping": 5,
    "checkpoints": null,
    "lr": 0.001,
    "reg": 0.001,
    "filters_per_layer": [
      32
    ],
    "pool_every": 4,
    "hidden_dims": [
      100
    ],
    "model_type": "cnn",
    "pooling_params": {
      "kernel_size": 2,
      "stride": 2
    },
    "conv_params": {
      "kernel_size": 3,
      "stride": 1,
      "padding": 1
    },
    "dropout": 0.15,
    "batchnorm": true,
    "kw": {},
    "layers_per_block": 8
  },
  "results": {
    "num_epochs": 0,
    "train_loss": [
      1.7005642971992492,
      1.2466401008367538,
      1.0390992189049721,
      0.9082312370538712,
      0.7973631398379802,
      0.7165521210432053,
      0.6451900980770587,
      0.5802640328407288,
      0.5294426810443401,
      0.4788262710720301
    ],
    "train_acc": [
      37.732,
      55.456,
      62.926,
      67.79,
      71.948,
      74.732,
      77.188,
      79.342,
      81.284,
      82.9
    ],
    "test_loss": [
      1.691807696359049,
      1.1300806616493266,
      1.0488926608035032,
      0.9222513426372188,
      0.9155549367697691,
      0.8917043250170257,
      0.8831059745729541,
      0.8811433475723656,
      0.909190037589279,
      0.9293707853151882
    ],
    "test_acc": [
      45.36,
      59.18,
      62.98,
      67.54,
      68.11,
      69.2,
      69.8,
      71.34,
      70.99,
      70.27
    ]
  }
}