{
  "config": {
    "run_name": "exp1_4",
    "out_dir": "./results",
    "seed": 42,
    "device": null,
    "bs_train": 50,
    "bs_test": 12,
    "batches": 10,
    "epochs": 10,
    "early_stopping": 5,
    "checkpoints": null,
    "lr": 0.001,
    "reg": 0.001,
    "filters_per_layer": [
      32
    ],
    "pool_every": 3,
    "hidden_dims": [
      100
    ],
    "model_type": "resnet",
    "pooling_params": {
      "kernel_size": 2,
      "stride": 2
    },
    "conv_params": {
      "kernel_size": 3,
      "stride": 1,
      "padding": 1
    },
    "dropout": 0.15,
    "batchnorm": true,
    "kw": {},
    "layers_per_block": 16
  },
  "results": {
    "num_epochs": 0,
    "train_loss": [
      1.530866807937622,
      1.0832204298973083,
      0.916599803417921,
      0.8293651435077191,
      0.7775129618048668,
      0.7291754226386548,
      0.6996107368469239,
      0.6699486094117164,
      0.6457355106770992,
      0.6221175706237555
    ],
    "train_acc": [
      43.06,
      61.054,
      67.906,
      71.056,
      72.832,
      74.92,
      75.786,
      76.742,
      77.516,
      78.474
    ],
    "test_loss": [
      1.135519746146042,
      0.9072204563739917,
      0.8554942319951326,
      0.7465674540550589,
      0.7468367411846595,
      0.7474100726346175,
      0.7358369497265176,
      0.707905555528095,
      0.664924702305588,
      0.6268544924050141
    ],
    "test_acc": [
      59.01,
      68.1,
      70.71,
      74.11,
      74.32,
      74.69,
      75.34,
      76.35,
      77.4,
      79.17
    ]
  }
}