{
  "config": {
    "run_name": "exp1_2",
    "out_dir": "./results",
    "seed": 42,
    "device": null,
    "bs_train": 50,
    "bs_test": 12,
    "batches": 10,
    "epochs": 10,
    "early_stopping": 5,
    "checkpoints": null,
    "lr": 0.001,
    "reg": 0.001,
    "filters_per_layer": [
      128
    ],
    "pool_every": 4,
    "hidden_dims": [
      100
    ],
    "model_type": "cnn",
    "pooling_params": {
      "kernel_size": 2,
      "stride": 2
    },
    "conv_params": {
      "kernel_size": 3,
      "stride": 1,
      "padding": 1
    },
    "dropout": 0.15,
    "batchnorm": true,
    "kw": {},
    "layers_per_block": 8
  },
  "results": {
    "num_epochs": 0,
    "train_loss": [
      1.7511394069194794,
      1.2347532992959023,
      0.9931315438151359,
      0.8503367799818515,
      0.7499884876906872,
      0.6614362723827362,
      0.5837628950625658,
      0.5163708379417657,
      0.4508365819901228,
      0.3915469920784235
    ],
    "train_acc": [
      34.92,
      55.714,
      64.802,
      70.142,
      73.782,
      76.802,
      79.358,
      81.934,
      84.088,
      86.19
    ],
    "test_loss": [
      1.4120456691411474,
      1.0894032938303135,
      0.9782759350516813,
      0.9249924452220507,
      0.835138170178131,
      0.8376517632810904,
      0.8129117726672181,
      0.8274863288878537,
      0.8898653235170338,
      0.9091164961823528
    ],
    "test_acc": [
      48.04,
      60.88,
      65.5,
      67.57,
      70.95,
      71.46,
      72.87,
      72.51,
      72.32,
      72.72
    ]
  }
}