{
  "config": {
    "run_name": "exp1_2",
    "out_dir": "./results",
    "seed": 42,
    "device": null,
    "bs_train": 50,
    "bs_test": 12,
    "batches": 10,
    "epochs": 10,
    "early_stopping": 5,
    "checkpoints": null,
    "lr": 0.001,
    "reg": 0.001,
    "filters_per_layer": [
      128
    ],
    "pool_every": 1,
    "hidden_dims": [
      100
    ],
    "model_type": "cnn",
    "pooling_params": {
      "kernel_size": 2,
      "stride": 2
    },
    "conv_params": {
      "kernel_size": 3,
      "stride": 1,
      "padding": 1
    },
    "dropout": 0.15,
    "batchnorm": true,
    "kw": {},
    "layers_per_block": 4
  },
  "results": {
    "num_epochs": 0,
    "train_loss": [
      1.5709145346879958,
      1.123065185725689,
      0.9384319340586662,
      0.8204263898730279,
      0.7242752427756787,
      0.6532970169186592,
      0.5870067720115185,
      0.5314148762375116,
      0.47873344127833845,
      0.4225409923046827
    ],
    "train_acc": [
      41.64,
      59.556,
      66.674,
      70.858,
      74.46,
      77.304,
      79.544,
      81.308,
      83.078,
      85.098
    ],
    "test_loss": [
      1.301553802095729,
      1.0257940150136284,
      0.9081406637722497,
      0.8480090464619424,
      0.8394649617409677,
      0.8277244215531887,
      0.7740966896716354,
      0.8803872530051559,
      0.8618626109853709,
      0.8823607096301137
    ],
    "test_acc": [
      53.6,
      62.8,
      67.91,
      70.11,
      70.81,
      71.53,
      73.89,
      71.17,
      72.6,
      73.01
    ]
  }
}