{
  "config": {
    "run_name": "exp1_3",
    "out_dir": "./results",
    "seed": 42,
    "device": null,
    "bs_train": 50,
    "bs_test": 12,
    "batches": 10,
    "epochs": 10,
    "early_stopping": 5,
    "checkpoints": null,
    "lr": 0.001,
    "reg": 0.001,
    "filters_per_layer": [
      64,
      128,
      256
    ],
    "pool_every": 3,
    "hidden_dims": [
      100
    ],
    "model_type": "cnn",
    "pooling_params": {
      "kernel_size": 2,
      "stride": 2
    },
    "conv_params": {
      "kernel_size": 3,
      "stride": 1,
      "padding": 1
    },
    "dropout": 0.15,
    "batchnorm": true,
    "kw": {},
    "layers_per_block": 3
  },
  "results": {
    "num_epochs": 0,
    "train_loss": [
      1.7630860192775726,
      1.2880230103135109,
      1.034271156847477,
      0.8596407513916492,
      0.7383917335271836,
      0.6357817873358727,
      0.5583603438735009,
      0.48825277993083,
      0.4267979643046856,
      0.37328075382858517
    ],
    "train_acc": [
      34.232,
      53.116,
      63.136,
      69.628,
      73.968,
      77.632,
      80.138,
      82.682,
      84.69,
      86.604
    ],
    "test_loss": [
      1.425974877832605,
      1.1825493318285587,
      1.049866374108574,
      0.8444052474747459,
      0.7965693779700665,
      0.7941532106869084,
      0.7601468699807815,
      0.7651734729107621,
      0.8044263176771876,
      0.8858842991640885
    ],
    "test_acc": [
      48.53,
      57.69,
      62.53,
      70.35,
      72.22,
      73.12,
      73.77,
      75.13,
      74.49,
      74.09
    ]
  }
}