{
  "config": {
    "run_name": "exp1_2",
    "out_dir": "./results",
    "seed": 42,
    "device": null,
    "bs_train": 50,
    "bs_test": 12,
    "batches": 10,
    "epochs": 10,
    "early_stopping": 5,
    "checkpoints": null,
    "lr": 0.001,
    "reg": 0.001,
    "filters_per_layer": [
      64
    ],
    "pool_every": 4,
    "hidden_dims": [
      100
    ],
    "model_type": "cnn",
    "pooling_params": {
      "kernel_size": 2,
      "stride": 2
    },
    "conv_params": {
      "kernel_size": 3,
      "stride": 1,
      "padding": 1
    },
    "dropout": 0.15,
    "batchnorm": true,
    "kw": {},
    "layers_per_block": 8
  },
  "results": {
    "num_epochs": 0,
    "train_loss": [
      1.9645698566436767,
      1.391102291703224,
      1.2035553268790244,
      1.0803784816861153,
      0.9750587428808213,
      0.8963292137086392,
      0.8279692350924015,
      0.7662463131844998,
      0.712968537569046,
      0.6643199922144413
    ],
    "train_acc": [
      25.798,
      49.222,
      56.692,
      61.46,
      65.514,
      68.33,
      70.83,
      72.912,
      74.988,
      76.59
    ],
    "test_loss": [
      1.5441062135233297,
      1.265030907855617,
      1.130158770534632,
      1.0772919520664272,
      0.9908568074198649,
      0.9541404111672649,
      0.9164070375174356,
      0.8988776443619951,
      0.9084559082895589,
      0.9056833777532017
    ],
    "test_acc": [
      42.75,
      54.05,
      59.75,
      61.88,
      64.88,
      67.06,
      68.54,
      68.94,
      69.1,
      69.11
    ]
  }
}