{
  "config": {
    "run_name": "exp1_3",
    "out_dir": "./results",
    "seed": 42,
    "device": null,
    "bs_train": 50,
    "bs_test": 12,
    "batches": 10,
    "epochs": 10,
    "early_stopping": 5,
    "checkpoints": null,
    "lr": 0.001,
    "reg": 0.001,
    "filters_per_layer": [
      64,
      128,
      256
    ],
    "pool_every": 3,
    "hidden_dims": [
      100
    ],
    "model_type": "cnn",
    "pooling_params": {
      "kernel_size": 2,
      "stride": 2
    },
    "conv_params": {
      "kernel_size": 3,
      "stride": 1,
      "padding": 1
    },
    "dropout": 0.15,
    "batchnorm": true,
    "kw": {},
    "layers_per_block": 4
  },
  "results": {
    "num_epochs": 0,
    "train_loss": [
      2.3030664689540865,
      2.302878292798996,
      2.3027887325286867,
      2.3028142993450165,
      2.302751539945602,
      2.3027607703208925
    ],
    "train_acc": [
      9.878,
      9.962,
      9.934,
      9.736,
      9.942,
      9.734
    ],
    "test_loss": [
      2.3026452427573627,
      2.3026550142027493,
      2.3026371539639627,
      2.302631345012491,
      2.3026315554154575,
      2.3026255452089743
    ],
    "test_acc": [
      10.0,
      10.0,
      10.0,
      10.0,
      10.0,
      10.0
    ]
  }
}