{
  "config": {
    "run_name": "exp1_2",
    "out_dir": "./results",
    "seed": 42,
    "device": null,
    "bs_train": 50,
    "bs_test": 12,
    "batches": 10,
    "epochs": 10,
    "early_stopping": 5,
    "checkpoints": null,
    "lr": 0.001,
    "reg": 0.001,
    "filters_per_layer": [
      32
    ],
    "pool_every": 1,
    "hidden_dims": [
      100
    ],
    "model_type": "cnn",
    "pooling_params": {
      "kernel_size": 2,
      "stride": 2
    },
    "conv_params": {
      "kernel_size": 3,
      "stride": 1,
      "padding": 1
    },
    "dropout": 0.15,
    "batchnorm": true,
    "kw": {},
    "layers_per_block": 4
  },
  "results": {
    "num_epochs": 0,
    "train_loss": [
      1.690851281762123,
      1.3281419274806976,
      1.1742981486916542,
      1.0580308638215066,
      0.9688199971318245,
      0.9108176172077656,
      0.8587963110804557,
      0.8191437804102898,
      0.7858029780983925,
      0.755999728769064
    ],
    "train_acc": [
      36.784,
      51.884,
      57.948,
      62.232,
      65.542,
      67.496,
      69.564,
      71.198,
      72.37,
      73.194
    ],
    "test_loss": [
      1.4035272042242457,
      1.2445746449400767,
      1.1569294499621974,
      1.0712021209960647,
      0.9610704263623098,
      0.9536066619540862,
      0.9049976652474712,
      0.8761100857842454,
      0.8680760947634562,
      0.8708870669545459
    ],
    "test_acc": [
      48.99,
      55.4,
      58.73,
      61.79,
      66.75,
      66.36,
      68.22,
      69.58,
      69.81,
      69.49
    ]
  }
}