{
  "config": {
    "run_name": "exp1_1",
    "out_dir": "./results",
    "seed": 42,
    "device": null,
    "bs_train": 50,
    "bs_test": 12,
    "batches": 10,
    "epochs": 10,
    "early_stopping": 5,
    "checkpoints": null,
    "lr": 0.001,
    "reg": 0.001,
    "filters_per_layer": [
      64
    ],
    "pool_every": 4,
    "hidden_dims": [
      100
    ],
    "model_type": "cnn",
    "pooling_params": {
      "kernel_size": 2,
      "stride": 2
    },
    "conv_params": {
      "kernel_size": 3,
      "stride": 1,
      "padding": 1
    },
    "dropout": 0.15,
    "batchnorm": true,
    "kw": {},
    "layers_per_block": 4
  },
  "results": {
    "num_epochs": 0,
    "train_loss": [
      1.4598372257351875,
      1.0100505915284157,
      0.7998726736903191,
      0.6215582408905029,
      0.4602332961857319,
      0.31590235164016484,
      0.22308283914253116,
      0.14789585142768918
    ],
    "train_acc": [
      47.226,
      64.178,
      71.926,
      77.988,
      83.868,
      88.756,
      92.144,
      94.758
    ],
    "test_loss": [
      1.1543008682610605,
      0.9853033041603846,
      0.9010407957170221,
      0.9369822320499295,
      1.0148118054784603,
      1.1586835958394144,
      1.4525904128287765,
      1.7687596896522604
    ],
    "test_acc": [
      58.53,
      65.62,
      68.89,
      68.63,
      68.2,
      68.36,
      66.5,
      66.54
    ]
  }
}