{
  "config": {
    "run_name": "exp1_4",
    "out_dir": "./results",
    "seed": 42,
    "device": null,
    "bs_train": 50,
    "bs_test": 12,
    "batches": 10,
    "epochs": 10,
    "early_stopping": 5,
    "checkpoints": null,
    "lr": 0.001,
    "reg": 0.001,
    "filters_per_layer": [
      64,
      128,
      256
    ],
    "pool_every": 3,
    "hidden_dims": [
      100
    ],
    "model_type": "resnet",
    "pooling_params": {
      "kernel_size": 2,
      "stride": 2
    },
    "conv_params": {
      "kernel_size": 3,
      "stride": 1,
      "padding": 1
    },
    "dropout": 0.15,
    "batchnorm": true,
    "kw": {},
    "layers_per_block": 2
  },
  "results": {
    "num_epochs": 0,
    "train_loss": [
      1.5620035199522972,
      1.2138321793079376,
      1.0342299261689185,
      0.9184160299897194,
      0.8458858229517937,
      0.7839216444194317,
      0.7293671728074551,
      0.6693192497789859,
      0.6245726548731327,
      0.5810598919093609
    ],
    "train_acc": [
      43.512,
      56.916,
      63.332,
      67.428,
      69.998,
      72.254,
      74.36,
      76.398,
      78.024,
      79.486
    ],
    "test_loss": [
      1.2766129812248033,
      1.1417635430356297,
      0.9629318913896021,
      0.9129258979210179,
      0.8507956380216624,
      0.8265458594123236,
      0.7885030774707845,
      0.7789103114258328,
      0.7127399467092623,
      0.7199982455808768
    ],
    "test_acc": [
      54.0,
      59.81,
      65.72,
      67.42,
      69.65,
      71.1,
      73.12,
      73.57,
      76.26,
      76.45
    ]
  }
}