{
  "config": {
    "run_name": "exp1_1",
    "out_dir": "./results",
    "seed": 42,
    "device": null,
    "bs_train": 50,
    "bs_test": 12,
    "batches": 10,
    "epochs": 10,
    "early_stopping": 5,
    "checkpoints": null,
    "lr": 0.001,
    "reg": 0.001,
    "filters_per_layer": [
      64
    ],
    "pool_every": 4,
    "hidden_dims": [
      100
    ],
    "model_type": "cnn",
    "pooling_params": {
      "kernel_size": 2,
      "stride": 2
    },
    "conv_params": {
      "kernel_size": 3,
      "stride": 1,
      "padding": 1
    },
    "dropout": 0.15,
    "batchnorm": true,
    "kw": {},
    "layers_per_block": 2
  },
  "results": {
    "num_epochs": 0,
    "train_loss": [
      1.4850358338356018,
      1.1408938551545142,
      0.9550709312558174,
      0.8076558388471603,
      0.6723296869993209,
      0.5448156740814447,
      0.428188669718802,
      0.3281964558213949,
      0.24596338701620699,
      0.1867527547944337
    ],
    "train_acc": [
      46.556,
      59.244,
      66.046,
      71.324,
      76.154,
      80.642,
      84.884,
      88.576,
      91.522,
      93.55
    ],
    "test_loss": [
      1.265979740509598,
      1.152113979668926,
      1.0652692326181512,
      1.0632260846112558,
      1.0964636613639425,
      1.2614512911571159,
      1.3279723687012561,
      1.592239311818096,
      1.7782542572694002,
      2.0561175192315444
    ],
    "test_acc": [
      54.05,
      59.19,
      62.19,
      63.25,
      63.53,
      63.08,
      63.39,
      61.19,
      61.43,
      61.9
    ]
  }
}