{
  "config": {
    "run_name": "exp1_4",
    "out_dir": "./results",
    "seed": 42,
    "device": null,
    "bs_train": 50,
    "bs_test": 12,
    "batches": 10,
    "epochs": 10,
    "early_stopping": 5,
    "checkpoints": null,
    "lr": 0.001,
    "reg": 0.001,
    "filters_per_layer": [
      64,
      128,
      256
    ],
    "pool_every": 5,
    "hidden_dims": [
      100
    ],
    "model_type": "resnet",
    "pooling_params": {
      "kernel_size": 2,
      "stride": 2
    },
    "conv_params": {
      "kernel_size": 3,
      "stride": 1,
      "padding": 1
    },
    "dropout": 0.15,
    "batchnorm": true,
    "kw": {},
    "layers_per_block": 8
  },
  "results": {
    "num_epochs": 0,
    "train_loss": [
      1.7897753969430923,
      1.407665261566639,
      1.1746273069381714,
      1.0115071555376054,
      0.8933380058407784,
      0.8106567689180374,
      0.7415823028087616,
      0.686769354134798,
      0.6325599245131016,
      0.594272945523262
    ],
    "train_acc": [
      33.512,
      48.634,
      57.718,
      64.116,
      68.424,
      71.66,
      73.87,
      75.924,
      77.852,
      79.518
    ],
    "test_loss": [
      1.4901742076130509,
      1.2179282220790713,
      1.0776356329306138,
      0.9532708133296143,
      0.8789900485649527,
      0.8391612034639437,
      0.8059836453635344,
      0.7340151540202489,
      0.6785523107440637,
      0.6786111581197335
    ],
    "test_acc": [
      44.84,
      55.85,
      60.51,
      66.85,
      69.9,
      71.23,
      73.01,
      75.6,
      77.01,
      77.88
    ]
  }
}