{
  "config": {
    "run_name": "exp1_4",
    "out_dir": "./results",
    "seed": 42,
    "device": null,
    "bs_train": 50,
    "bs_test": 12,
    "batches": 10,
    "epochs": 10,
    "early_stopping": 5,
    "checkpoints": null,
    "lr": 0.001,
    "reg": 0.001,
    "filters_per_layer": [
      32
    ],
    "pool_every": 7,
    "hidden_dims": [
      100
    ],
    "model_type": "resnet",
    "pooling_params": {
      "kernel_size": 2,
      "stride": 2
    },
    "conv_params": {
      "kernel_size": 3,
      "stride": 1,
      "padding": 1
    },
    "dropout": 0.15,
    "batchnorm": true,
    "kw": {},
    "layers_per_block": 32
  },
  "results": {
    "num_epochs": 0,
    "train_loss": [
      1.7831186516284943,
      1.4558907713890075,
      1.2617568314671517,
      1.1206579304933548,
      1.0242328518033028,
      0.9643734837770462,
      0.9156061062812805,
      0.8741320663690567,
      0.8389191792905331,
      0.8086025891602039
    ],
    "train_acc": [
      32.914,
      46.562,
      54.28,
      59.584,
      63.476,
      65.71,
      67.52,
      69.016,
      70.068,
      71.2
    ],
    "test_loss": [
      1.472455027006227,
      1.2703281426958615,
      1.101877877019721,
      1.0057641188267896,
      0.9379786255834199,
      0.8885801465963002,
      0.8626228183222046,
      0.8202482566719861,
      0.7952193362589219,
      0.7854343390704202
    ],
    "test_acc": [
      45.75,
      53.96,
      60.75,
      64.27,
      66.65,
      68.94,
      69.86,
      71.18,
      72.38,
      72.94
    ]
  }
}