{
  "config": {
    "run_name": "exp1_3",
    "out_dir": "./results",
    "seed": 42,
    "device": null,
    "bs_train": 50,
    "bs_test": 12,
    "batches": 10,
    "epochs": 10,
    "early_stopping": 5,
    "checkpoints": null,
    "lr": 0.001,
    "reg": 0.001,
    "filters_per_layer": [
      64,
      128,
      256
    ],
    "pool_every": 1,
    "hidden_dims": [
      100
    ],
    "model_type": "cnn",
    "pooling_params": {
      "kernel_size": 2,
      "stride": 2
    },
    "conv_params": {
      "kernel_size": 3,
      "stride": 1,
      "padding": 1
    },
    "dropout": 0.15,
    "batchnorm": true,
    "kw": {},
    "layers_per_block": 1
  },
  "results": {
    "num_epochs": 0,
    "train_loss": [
      1.3955420384407042,
      0.9631620188653469,
      0.7805550885796547,
      0.659706433147192,
      0.5516187915354968,
      0.46579571557044985,
      0.37992280109226706,
      0.3099009711369872,
      0.24497717211022974,
      0.21038177704066038
    ],
    "train_acc": [
      49.214,
      65.814,
      72.642,
      77.066,
      80.684,
      83.668,
      86.558,
      89.13,
      91.456,
      92.492
    ],
    "test_loss": [
      1.1305834056018926,
      0.8802708515303312,
      0.8066010019368977,
      0.7416536418511142,
      0.8157426392574676,
      0.7683494888933943,
      0.8207022522640921,
      0.8607914594875322,
      0.9274257965915227,
      0.9653975859904724
    ],
    "test_acc": [
      60.32,
      68.96,
      72.43,
      74.58,
      73.13,
      75.53,
      74.68,
      75.86,
      74.51,
      75.83
    ]
  }
}