{
  "config": {
    "run_name": "exp1_4",
    "out_dir": "./results",
    "seed": 42,
    "device": null,
    "bs_train": 50,
    "bs_test": 12,
    "batches": 10,
    "epochs": 10,
    "early_stopping": 5,
    "checkpoints": null,
    "lr": 0.001,
    "reg": 0.001,
    "filters_per_layer": [
      32
    ],
    "pool_every": 3,
    "hidden_dims": [
      100
    ],
    "model_type": "resnet",
    "pooling_params": {
      "kernel_size": 2,
      "stride": 2
    },
    "conv_params": {
      "kernel_size": 3,
      "stride": 1,
      "padding": 1
    },
    "dropout": 0.15,
    "batchnorm": true,
    "kw": {},
    "layers_per_block": 8
  },
  "results": {
    "num_epochs": 0,
    "train_loss": [
      1.4054897075891495,
      0.9730997654795647,
      0.8262828257381916,
      0.7401397598087788,
      0.676017308562994,
      0.6279046310335398,
      0.5902447376400233,
      0.5528482609540224,
      0.515411920323968,
      0.494348594352603
    ],
    "train_acc": [
      49.366,
      65.792,
      70.938,
      74.03,
      76.166,
      77.968,
      79.334,
      80.614,
      81.7,
      82.586
    ],
    "test_loss": [
      1.0105785276356647,
      0.8612460768480095,
      0.8141362938127643,
      0.7622075883997715,
      0.7746848798796928,
      0.7462485799615046,
      0.7240183599320033,
      0.7096566925723132,
      0.753593220062804,
      0.7262996568319966
    ],
    "test_acc": [
      64.17,
      69.75,
      71.83,
      74.13,
      73.71,
      74.74,
      76.21,
      76.63,
      76.01,
      76.26
    ]
  }
}