{
  "config": {
    "run_name": "exp1_2",
    "out_dir": "./results",
    "seed": 42,
    "device": null,
    "bs_train": 50,
    "bs_test": 12,
    "batches": 10,
    "epochs": 10,
    "early_stopping": 5,
    "checkpoints": null,
    "lr": 0.001,
    "reg": 0.001,
    "filters_per_layer": [
      32
    ],
    "pool_every": 1,
    "hidden_dims": [
      100
    ],
    "model_type": "cnn",
    "pooling_params": {
      "kernel_size": 2,
      "stride": 2
    },
    "conv_params": {
      "kernel_size": 3,
      "stride": 1,
      "padding": 1
    },
    "dropout": 0.15,
    "batchnorm": true,
    "kw": {},
    "layers_per_block": 2
  },
  "results": {
    "num_epochs": 0,
    "train_loss": [
      1.5234410452842713,
      1.1814443905949592,
      1.0428953110575676,
      0.9586137971282005,
      0.8861789109706879,
      0.8314342122077942,
      0.7853584421575069,
      0.7399349276125431,
      0.7056589688360692,
      0.6693893427848816
    ],
    "train_acc": [
      44.908,
      57.968,
      63.178,
      66.308,
      69.106,
      71.09,
      72.308,
      73.95,
      75.08,
      76.362
    ],
    "test_loss": [
      1.2560841892834762,
      1.102031814894802,
      1.0170451449475986,
      0.9598708881748667,
      0.9545294508087835,
      0.9237358426983407,
      0.9103440098661028,
      0.8881087098583329,
      0.9179138760629604,
      0.8840126503768156
    ],
    "test_acc": [
      55.11,
      60.9,
      64.43,
      65.84,
      66.44,
      67.99,
      68.71,
      69.84,
      69.02,
      70.48
    ]
  }
}