{
  "config": {
    "run_name": "exp1_2",
    "out_dir": "./results",
    "seed": 42,
    "device": null,
    "bs_train": 50,
    "bs_test": 12,
    "batches": 10,
    "epochs": 10,
    "early_stopping": 5,
    "checkpoints": null,
    "lr": 0.001,
    "reg": 0.001,
    "filters_per_layer": [
      256
    ],
    "pool_every": 1,
    "hidden_dims": [
      100
    ],
    "model_type": "cnn",
    "pooling_params": {
      "kernel_size": 2,
      "stride": 2
    },
    "conv_params": {
      "kernel_size": 3,
      "stride": 1,
      "padding": 1
    },
    "dropout": 0.15,
    "batchnorm": true,
    "kw": {},
    "layers_per_block": 4
  },
  "results": {
    "num_epochs": 0,
    "train_loss": [
      1.5522538231611251,
      1.0926340615153314,
      0.8928817344009876,
      0.75067523214221,
      0.6407178501784802,
      0.5465766008794307,
      0.4684471487402916,
      0.3967416290491819,
      0.330879499591887,
      0.28193432599306106
    ],
    "train_acc": [
      42.818,
      61.024,
      68.54,
      73.656,
      77.594,
      80.744,
      83.576,
      85.964,
      88.348,
      90.068
    ],
    "test_loss": [
      1.182870080502485,
      0.995990445966915,
      0.8814302896031087,
      0.8391389932563836,
      0.8309936840935863,
      0.7888245057645176,
      0.8046409498042554,
      0.863009479805845,
      0.8665056054902484,
      0.9395031936009408
    ],
    "test_acc": [
      57.23,
      63.99,
      69.06,
      70.88,
      72.02,
      73.55,
      74.31,
      73.73,
      73.89,
      73.34
    ]
  }
}