{
  "config": {
    "run_name": "exp1_2",
    "out_dir": "./results",
    "seed": 42,
    "device": null,
    "bs_train": 50,
    "bs_test": 12,
    "batches": 10,
    "epochs": 10,
    "early_stopping": 5,
    "checkpoints": null,
    "lr": 0.001,
    "reg": 0.001,
    "filters_per_layer": [
      256
    ],
    "pool_every": 4,
    "hidden_dims": [
      100
    ],
    "model_type": "cnn",
    "pooling_params": {
      "kernel_size": 2,
      "stride": 2
    },
    "conv_params": {
      "kernel_size": 3,
      "stride": 1,
      "padding": 1
    },
    "dropout": 0.15,
    "batchnorm": true,
    "kw": {},
    "layers_per_block": 2
  },
  "results": {
    "num_epochs": 0,
    "train_loss": [
      1.7358464097976685,
      1.4101030313968659,
      1.2488978273272515,
      1.151980623304844,
      1.079638002038002,
      1.0063077808022498,
      0.9414943389892578,
      0.8751073544919491,
      0.8062329652309418,
      0.7438032344281673
    ],
    "train_acc": [
      36.526,
      48.858,
      55.202,
      58.65,
      61.22,
      64.206,
      66.282,
      68.61,
      71.294,
      73.51
    ],
    "test_loss": [
      1.537960434274422,
      1.3679850434513687,
      1.3352260227254826,
      1.2818920198890518,
      1.28968444416563,
      1.3001431564418533,
      1.3100370161181731,
      1.4062889552445148,
      1.4758324265408573,
      1.534619875484519
    ],
    "test_acc": [
      42.92,
      50.19,
      52.36,
      54.23,
      54.4,
      53.97,
      55.18,
      53.69,
      53.02,
      53.17
    ]
  }
}