{
  "config": {
    "run_name": "exp1_2",
    "out_dir": "./results",
    "seed": 42,
    "device": null,
    "bs_train": 50,
    "bs_test": 12,
    "batches": 10,
    "epochs": 10,
    "early_stopping": 5,
    "checkpoints": null,
    "lr": 0.001,
    "reg": 0.001,
    "filters_per_layer": [
      128
    ],
    "pool_every": 1,
    "hidden_dims": [
      100
    ],
    "model_type": "cnn",
    "pooling_params": {
      "kernel_size": 2,
      "stride": 2
    },
    "conv_params": {
      "kernel_size": 3,
      "stride": 1,
      "padding": 1
    },
    "dropout": 0.15,
    "batchnorm": true,
    "kw": {},
    "layers_per_block": 2
  },
  "results": {
    "num_epochs": 0,
    "train_loss": [
      1.4197184210419656,
      1.0389401916265488,
      0.8952128182947635,
      0.8045313962101937,
      0.7373700366318225,
      0.6756481339633464,
      0.6200338899493217,
      0.5709739258289337,
      0.524571794256568,
      0.47484021638333795
    ],
    "train_acc": [
      49.068,
      63.444,
      68.562,
      71.708,
      74.252,
      76.304,
      78.334,
      79.888,
      81.332,
      83.218
    ],
    "test_loss": [
      1.157014422350936,
      1.0163994302137864,
      0.9282600763533041,
      0.8865057243396053,
      0.880848639999791,
      0.8872404631799002,
      0.86930249609071,
      0.8623667385080735,
      0.8891368552515332,
      0.9121456585614551
    ],
    "test_acc": [
      58.86,
      64.0,
      67.18,
      68.88,
      69.41,
      70.05,
      70.78,
      71.6,
      72.07,
      72.09
    ]
  }
}