{
  "config": {
    "run_name": "exp2",
    "out_dir": "./results",
    "seed": 42,
    "device": null,
    "bs_train": 50,
    "bs_test": 12,
    "batches": 10,
    "epochs": 10,
    "early_stopping": 5,
    "checkpoints": null,
    "lr": 0.001,
    "reg": 0.001,
    "filters_per_layer": [
      32,
      64,
      128
    ],
    "pool_every": 5,
    "hidden_dims": [
      100
    ],
    "model_type": "ycn",
    "pooling_params": {
      "kernel_size": 2
    },
    "conv_params": {
      "kernel_size": 3,
      "padding": 1
    },
    "dropout": 0.15,
    "batchnorm": true,
    "kw": {},
    "layers_per_block": 6
  },
  "results": {
    "num_epochs": 0,
    "train_loss": [
      1.7280021681785585,
      1.3541477807164193,
      1.1635182047486305,
      1.0231807388067244,
      0.918671545624733,
      0.8396198120117188,
      0.7737067655622959,
      0.7231491340994834,
      0.6780417556464672,
      0.6357672437727452
    ],
    "train_acc": [
      35.736,
      50.932,
      58.488,
      63.894,
      67.564,
      70.524,
      72.836,
      74.488,
      76.434,
      77.802
    ],
    "test_loss": [
      1.400774969257039,
      1.192451542015556,
      1.0554490528947158,
      0.9235530764007454,
      0.8299208268148007,
      0.8280175687472741,
      0.7676656016101726,
      0.7651830134238843,
      0.7263976119199602,
      0.7088260159311857
    ],
    "test_acc": [
      49.15,
      56.99,
      62.96,
      67.75,
      71.13,
      71.06,
      73.91,
      73.98,
      75.83,
      76.81
    ]
  }
}