{
  "config": {
    "run_name": "exp2",
    "out_dir": "./results",
    "seed": 42,
    "device": null,
    "bs_train": 50,
    "bs_test": 12,
    "batches": 10,
    "epochs": 10,
    "early_stopping": 5,
    "checkpoints": null,
    "lr": 0.001,
    "reg": 0.001,
    "filters_per_layer": [
      32,
      64,
      128
    ],
    "pool_every": 7,
    "hidden_dims": [
      100
    ],
    "model_type": "ycn",
    "pooling_params": {
      "kernel_size": 2
    },
    "conv_params": {
      "kernel_size": 3,
      "padding": 1
    },
    "dropout": 0.15,
    "batchnorm": true,
    "kw": {},
    "layers_per_block": 9
  },
  "results": {
    "num_epochs": 0,
    "train_loss": [
      1.8020409702062608,
      1.4117982448339463,
      1.2011149226427078,
      1.070726004242897,
      0.9758542607426643,
      0.9081801635324955,
      0.8560716490447521,
      0.8094502947330475,
      0.7751493227779865,
      0.7405503226220608
    ],
    "train_acc": [
      33.43,
      48.648,
      57.16,
      62.156,
      65.444,
      67.978,
      69.946,
      71.504,
      72.632,
      74.002
    ],
    "test_loss": [
      1.47917894479468,
      1.205753746507265,
      1.1088879117362505,
      0.9633282891494764,
      0.9048851514570146,
      0.8449288116549131,
      0.8142583869594179,
      0.8062375997789473,
      0.812059480053701,
      0.7586296291517125
    ],
    "test_acc": [
      45.96,
      57.32,
      61.23,
      65.77,
      68.1,
      70.24,
      71.6,
      71.95,
      72.73,
      73.82
    ]
  }
}