{
  "config": {
    "run_name": "exp2",
    "out_dir": "./results",
    "seed": 42,
    "device": null,
    "bs_train": 50,
    "bs_test": 12,
    "batches": 10,
    "epochs": 10,
    "early_stopping": 5,
    "checkpoints": null,
    "lr": 0.001,
    "reg": 0.001,
    "filters_per_layer": [
      32,
      64,
      128
    ],
    "pool_every": 5,
    "hidden_dims": [
      100
    ],
    "model_type": "ycn",
    "pooling_params": {
      "kernel_size": 2
    },
    "conv_params": {
      "kernel_size": 3,
      "padding": 1
    },
    "dropout": 0.15,
    "batchnorm": true,
    "kw": {},
    "layers_per_block": 3
  },
  "results": {
    "num_epochs": 0,
    "train_loss": [
      1.6673063125610352,
      1.29751521807909,
      1.0752123590707778,
      0.8964865224957466,
      0.7430285366475582,
      0.5953785330504179,
      0.4586485718637705,
      0.3490262569114566,
      0.26980705903470514,
      0.21638568555936216
    ],
    "train_acc": [
      39.116,
      53.302,
      61.882,
      68.328,
      74.056,
      79.054,
      83.982,
      87.82,
      90.51,
      92.468
    ],
    "test_loss": [
      1.3754468845377723,
      1.1300386374445557,
      1.081589920557946,
      0.9551216080177316,
      0.9548808896480847,
      0.9713569472161986,
      1.176140308138921,
      1.223145380641872,
      1.4190148333192534,
      1.528366114952595
    ],
    "test_acc": [
      49.11,
      59.38,
      62.19,
      67.52,
      68.32,
      68.74,
      68.16,
      69.03,
      68.17,
      68.25
    ]
  }
}