{
  "config": {
    "run_name": "exp2",
    "out_dir": "./results",
    "seed": 42,
    "device": null,
    "bs_train": 50,
    "bs_test": 12,
    "batches": 10,
    "epochs": 10,
    "early_stopping": 5,
    "checkpoints": null,
    "lr": 0.001,
    "reg": 0.001,
    "filters_per_layer": [
      32,
      64,
      128
    ],
    "pool_every": 7,
    "hidden_dims": [
      100
    ],
    "model_type": "ycn",
    "pooling_params": {
      "kernel_size": 2
    },
    "conv_params": {
      "kernel_size": 3,
      "padding": 1
    },
    "dropout": 0.15,
    "batchnorm": true,
    "kw": {},
    "layers_per_block": 12
  },
  "results": {
    "num_epochs": 0,
    "train_loss": [
      1.9334055329561233,
      1.6296344145536423,
      1.4534278674125671,
      1.3473510056734086,
      1.2368373982906342,
      1.1339263318777084,
      1.0485094960927963,
      0.9758557524681092,
      0.9257157206535339,
      0.8683985583484173
    ],
    "train_acc": [
      27.292,
      39.426,
      46.532,
      50.58,
      55.496,
      59.218,
      62.546,
      65.5,
      67.414,
      69.452
    ],
    "test_loss": [
      1.7068233041168688,
      1.5752543185254653,
      1.3566235422516326,
      1.2384344102095644,
      1.1098178566145382,
      1.0310291425108338,
      0.928211363832013,
      0.9271806252481555,
      0.8674316741347455,
      0.8662605834343164
    ],
    "test_acc": [
      35.84,
      42.7,
      50.03,
      54.05,
      59.76,
      62.48,
      67.1,
      67.22,
      69.91,
      70.47
    ]
  }
}